Recommended Career,Education,Specialization,Skills,Certifications
Software Engineer,Bachelor's,Computer Science,"Python, SQL, Machine Learning",AWS Certified
ML Engineer,Master's,Computer Science,"Python, Machine Learning, SQL",AWS Certified
Data Scientist,Master's,Computer Science,"Python, Machine Learning, Data Analysis",Google Data Analytics
Data Analyst,Bachelor's,Commerce,"Python, SQL, Data Analysis",Google Data Analytics
Business Analyst,Bachelor's,Business,"Data Analysis, Communication, MS Office",Google Data Analytics
Financial Analyst,Bachelor's,Finance,"Financial Analysis, Accounting, Excel",CFA Level 1
Junior Accountant,Bachelor's,Commerce,"Accounting, Financial Analysis, MS Office",Tally ERP
Marketing Executive,Bachelor's,Business,"Marketing, Communication, MS Office",Digital Marketing
Sales Assistant,Intermediate,Business,"Communication, Marketing, MS Office",Digital Marketing
School Counselor,Master's,Psychology,"Counseling, Communication",Mental Health Basics
Professor,PhD,Science,"Communication, Research",No Certification
Research Scientist,PhD,Science,"Machine Learning, Data Analysis, Python",No Certification
Clerk,Intermediate,Commerce,"MS Office, Communication",Tally ERP
Data Entry Operator,Intermediate,Commerce,"MS Office, Communication",No Certification
